{"name":"_dll_vendor","content":{"./node_modules/react/index.js":{"id":0,"buildMeta":{"providedExports":true}},"./node_modules/@babel/runtime/helpers/esm/extends.js":{"id":1,"buildMeta":{"exportsType":"namespace","providedExports":["default"]}},"./node_modules/react-router/esm/react-router.js":{"id":2,"buildMeta":{"exportsType":"namespace","providedExports":["MemoryRouter","Prompt","Redirect","Route","Router","StaticRouter","Switch","__HistoryContext","__RouterContext","generatePath","matchPath","useHistory","useLocation","useParams","useRouteMatch","withRouter"]}},"./node_modules/react-redux/es/components/Context.js":{"id":3,"buildMeta":{"exportsType":"namespace","providedExports":["ReactReduxContext","default"]}},"./node_modules/@babel/runtime/helpers/esm/objectWithoutPropertiesLoose.js":{"id":4,"buildMeta":{"exportsType":"namespace","providedExports":["default"]}},"./node_modules/history/esm/history.js":{"id":5,"buildMeta":{"exportsType":"namespace","providedExports":["createBrowserHistory","createHashHistory","createMemoryHistory","createLocation","locationsAreEqual","parsePath","createPath"]}},"./node_modules/@babel/runtime/helpers/esm/inheritsLoose.js":{"id":6,"buildMeta":{"exportsType":"namespace","providedExports":["default"]}},"./node_modules/tiny-invariant/dist/tiny-invariant.esm.js":{"id":7,"buildMeta":{"exportsType":"namespace","providedExports":["default"]}},"./node_modules/prop-types/index.js":{"id":8,"buildMeta":{"providedExports":true}},"./node_modules/react-redux/es/utils/useIsomorphicLayoutEffect.js":{"id":9,"buildMeta":{"exportsType":"namespace","providedExports":["useIsomorphicLayoutEffect"]}},"./node_modules/react-redux/es/connect/wrapMapToProps.js":{"id":10,"buildMeta":{"exportsType":"namespace","providedExports":["wrapMapToPropsConstant","getDependsOnOwnProps","wrapMapToPropsFunc"]}},"./node_modules/react-redux/es/hooks/useStore.js":{"id":11,"buildMeta":{"exportsType":"namespace","providedExports":["createStoreHook","useStore"]}},"./node_modules/react-redux/es/utils/Subscription.js":{"id":12,"buildMeta":{"exportsType":"namespace","providedExports":["createSubscription"]}},"./node_modules/react-redux/es/utils/shallowEqual.js":{"id":13,"buildMeta":{"exportsType":"namespace","providedExports":["default"]}},"./node_modules/hoist-non-react-statics/dist/hoist-non-react-statics.cjs.js":{"id":14,"buildMeta":{"providedExports":true}},"./node_modules/react-redux/es/components/connectAdvanced.js":{"id":15,"buildMeta":{"exportsType":"namespace","providedExports":["default"]}},"./node_modules/react-redux/es/utils/batch.js":{"id":16,"buildMeta":{"exportsType":"namespace","providedExports":["setBatch","getBatch"]}},"./node_modules/react-redux/es/utils/warning.js":{"id":17,"buildMeta":{"exportsType":"namespace","providedExports":["default"]}},"./node_modules/react-redux/es/hooks/useReduxContext.js":{"id":18,"buildMeta":{"exportsType":"namespace","providedExports":["useReduxContext"]}},"./node_modules/react-dom/index.js":{"id":20,"buildMeta":{"providedExports":true}},"./node_modules/react-redux/es/hooks/useDispatch.js":{"id":21,"buildMeta":{"exportsType":"namespace","providedExports":["createDispatchHook","useDispatch"]}},"./node_modules/react-redux/es/hooks/useSelector.js":{"id":22,"buildMeta":{"exportsType":"namespace","providedExports":["createSelectorHook","useSelector"]}},"./node_modules/react-redux/es/utils/reactBatchedUpdates.js":{"id":23,"buildMeta":{"exportsType":"namespace","providedExports":["unstable_batchedUpdates"]}},"./node_modules/@babel/runtime/helpers/esm/objectSpread2.js":{"id":24,"buildMeta":{"exportsType":"namespace","providedExports":["default"]}},"./node_modules/path-to-regexp/index.js":{"id":25,"buildMeta":{"providedExports":true}},"./node_modules/object-assign/index.js":{"id":26,"buildMeta":{"providedExports":true}},"./node_modules/react-redux/es/exports.js":{"id":27,"buildMeta":{"exportsType":"namespace","providedExports":["Provider","connectAdvanced","ReactReduxContext","connect","useDispatch","createDispatchHook","useSelector","createSelectorHook","useStore","createStoreHook","shallowEqual"]}},"./node_modules/react-redux/es/components/Provider.js":{"id":28,"buildMeta":{"exportsType":"namespace","providedExports":["default"]}},"./node_modules/react-is/index.js":{"id":29,"buildMeta":{"providedExports":true}},"./node_modules/react-redux/es/connect/connect.js":{"id":30,"buildMeta":{"exportsType":"namespace","providedExports":["createConnect","default"]}},"./node_modules/react-redux/es/utils/verifyPlainObject.js":{"id":31,"buildMeta":{"exportsType":"namespace","providedExports":["default"]}},"./node_modules/react-redux/node_modules/react-is/index.js":{"id":32,"buildMeta":{"providedExports":true}},"./node_modules/react-redux/es/connect/mapDispatchToProps.js":{"id":33,"buildMeta":{"exportsType":"namespace","providedExports":["whenMapDispatchToPropsIsFunction","whenMapDispatchToPropsIsMissing","whenMapDispatchToPropsIsObject","default"]}},"./node_modules/react-redux/es/utils/bindActionCreators.js":{"id":34,"buildMeta":{"exportsType":"namespace","providedExports":["default"]}},"./node_modules/react-redux/es/utils/isPlainObject.js":{"id":35,"buildMeta":{"exportsType":"namespace","providedExports":["default"]}},"./node_modules/react-redux/es/connect/mapStateToProps.js":{"id":36,"buildMeta":{"exportsType":"namespace","providedExports":["whenMapStateToPropsIsFunction","whenMapStateToPropsIsMissing","default"]}},"./node_modules/react-redux/es/connect/mergeProps.js":{"id":37,"buildMeta":{"exportsType":"namespace","providedExports":["defaultMergeProps","wrapMergePropsFunc","whenMergePropsIsFunction","whenMergePropsIsOmitted","default"]}},"./node_modules/react-redux/es/connect/selectorFactory.js":{"id":38,"buildMeta":{"exportsType":"namespace","providedExports":["impureFinalPropsSelectorFactory","pureFinalPropsSelectorFactory","default"]}},"./node_modules/@babel/runtime/helpers/esm/defineProperty.js":{"id":39,"buildMeta":{"exportsType":"namespace","providedExports":["default"]}},"./node_modules/@babel/runtime/helpers/esm/setPrototypeOf.js":{"id":40,"buildMeta":{"exportsType":"namespace","providedExports":["default"]}},"./node_modules/mini-create-react-context/dist/esm/index.js":{"id":41,"buildMeta":{"exportsType":"namespace","providedExports":["default"]}},"./node_modules/resolve-pathname/esm/resolve-pathname.js":{"id":42,"buildMeta":{"exportsType":"namespace","providedExports":["default"]}},"./node_modules/value-equal/esm/value-equal.js":{"id":43,"buildMeta":{"exportsType":"namespace","providedExports":["default"]}},"./node_modules/react/cjs/react.production.min.js":{"id":45,"buildMeta":{"providedExports":true}},"./node_modules/react-dom/cjs/react-dom.production.min.js":{"id":46,"buildMeta":{"providedExports":true}},"./node_modules/scheduler/index.js":{"id":47,"buildMeta":{"providedExports":true}},"./node_modules/scheduler/cjs/scheduler.production.min.js":{"id":48,"buildMeta":{"providedExports":true}},"./node_modules/react-redux/es/index.js":{"id":49,"buildMeta":{"exportsType":"namespace","providedExports":["Provider","connectAdvanced","ReactReduxContext","connect","useDispatch","createDispatchHook","useSelector","createSelectorHook","useStore","createStoreHook","shallowEqual","batch"]}},"./node_modules/react-is/cjs/react-is.production.min.js":{"id":50,"buildMeta":{"providedExports":true}},"./node_modules/react-redux/node_modules/react-is/cjs/react-is.production.min.js":{"id":51,"buildMeta":{"providedExports":true}},"./node_modules/react-redux/es/connect/verifySubselectors.js":{"id":52,"buildMeta":{"exportsType":"namespace","providedExports":["default"]}},"./node_modules/redux/es/redux.js":{"id":53,"buildMeta":{"exportsType":"namespace","providedExports":["__DO_NOT_USE__ActionTypes","applyMiddleware","bindActionCreators","combineReducers","compose","createStore"]}},"./node_modules/react-router-dom/esm/react-router-dom.js":{"id":54,"buildMeta":{"exportsType":"namespace","providedExports":["MemoryRouter","Prompt","Redirect","Route","Router","StaticRouter","Switch","generatePath","matchPath","useHistory","useLocation","useParams","useRouteMatch","withRouter","BrowserRouter","HashRouter","Link","NavLink"]}},"./node_modules/webpack/buildin/global.js":{"id":55,"buildMeta":{"providedExports":true}},"./node_modules/prop-types/factoryWithThrowingShims.js":{"id":56,"buildMeta":{"providedExports":true}},"./node_modules/prop-types/lib/ReactPropTypesSecret.js":{"id":57,"buildMeta":{"providedExports":true}},"./node_modules/isarray/index.js":{"id":58,"buildMeta":{"providedExports":true}},"./node_modules/react-loadable/lib/index.js":{"id":59,"buildMeta":{"providedExports":true}}}}